{
  "skins": [
    {
      "localization_name": "BlankCape",
      "geometry": "geometry.humanoid.custom",
      "texture": "bionic.png",
      "cape": "BlankCape.png",
      "type": "free"
    },
	{
      "localization_name": "StarRed",
      "geometry": "geometry.humanoid.custom",
      "texture": "bionic.png",
      "cape": "StarRed.png",
      "type": "free"
    },
	{
      "localization_name": "StarOrange",
      "geometry": "geometry.humanoid.custom",
      "texture": "bionic.png",
      "cape": "StarOrange.png",
      "type": "free"
    },
	{
      "localization_name": "StarYellow",
      "geometry": "geometry.humanoid.custom",
      "texture": "bionic.png",
      "cape": "StarYellow.png",
      "type": "free"
    },
	{
      "localization_name": "StarGreen",
      "geometry": "geometry.humanoid.custom",
      "texture": "bionic.png",
      "cape": "StarGreen.png",
      "type": "free"
    },
	{
      "localization_name": "StarCyan",
      "geometry": "geometry.humanoid.custom",
      "texture": "bionic.png",
      "cape": "StarCyan.png",
      "type": "free"
    },
	{
      "localization_name": "StarBlue",
      "geometry": "geometry.humanoid.custom",
      "texture": "bionic.png",
      "cape": "StarBlue.png",
      "type": "free"
    },
	{
      "localization_name": "StarPurple",
      "geometry": "geometry.humanoid.custom",
      "texture": "bionic.png",
      "cape": "StarPurple.png",
      "type": "free"
    },
	{
      "localization_name": "StarPink",
      "geometry": "geometry.humanoid.custom",
      "texture": "bionic.png",
      "cape": "StarPink.png",
      "type": "free"
    },
	{
      "localization_name": "StarBlack",
      "geometry": "geometry.humanoid.custom",
      "texture": "bionic.png",
      "cape": "StarBlack.png",
      "type": "free"
    },
	{
      "localization_name": "StarGray",
      "geometry": "geometry.humanoid.custom",
      "texture": "bionic.png",
      "cape": "StarGray.png",
      "type": "free"
    },
	{
      "localization_name": "StarWhite",
      "geometry": "geometry.humanoid.custom",
      "texture": "bionic.png",
      "cape": "StarWhite.png",
      "type": "free"
    }
  ],
  "serialize_name": "ProjectStarCapes",
  "localization_name": "ProjectStarCapes"
}